filename,parameters,best_solution,best_cost,optimal_cost,error_percentage,execution_time
"berlin52.tsp,""{'initial temperature': 10000, 'gamma': 0.99, 'max solution selected': 1500, 'weights': [100, 0, 0, 0]}"",""[1, 49, 45, 41, 43, 40, 39, 36, 35, 34, 44, 16, 29, 30, 50, 20, 23, 31, 22, 32, 18, 3, 19, 8, 9, 10, 33, 4, 25, 12, 28, 27, 46, 48, 24, 6, 51, 11, 52, 14, 13, 26, 47, 2, 7, 42, 17, 21, 38, 15, 5, 37, 1]"",10847.436450267094,7542,43.83,2.5133142471313477"
"st70.tsp,""{'initial temperature': 10000, 'gamma': 0.99, 'max solution selected': 1500, 'weights': [100, 0, 0, 0]}"",""[1, 16, 37, 58, 5, 53, 6, 41, 43, 17, 21, 34, 12, 33, 50, 10, 52, 60, 51, 56, 65, 64, 47, 23, 38, 69, 31, 13, 29, 70, 35, 59, 22, 63, 66, 18, 42, 68, 27, 46, 30, 20, 14, 28, 3, 32, 7, 2, 15, 24, 4, 40, 45, 25, 39, 61, 62, 54, 48, 11, 67, 9, 44, 8, 49, 55, 26, 19, 57, 36, 1]"",990.7273940296434,675,46.77,7.850273370742798"
"ch130.tsp,""{'initial temperature': 10000, 'gamma': 0.99, 'max solution selected': 1500, 'weights': [100, 0, 0, 0]}"",""[1, 41, 2, 42, 53, 120, 60, 51, 55, 96, 67, 13, 23, 33, 126, 30, 115, 62, 16, 128, 105, 112, 117, 35, 106, 58, 49, 4, 71, 39, 45, 11, 5, 76, 27, 116, 79, 95, 15, 89, 94, 25, 48, 98, 68, 63, 70, 97, 129, 61, 109, 124, 26, 110, 113, 84, 36, 29, 100, 54, 118, 80, 46, 20, 93, 14, 10, 102, 6, 91, 72, 52, 9, 75, 74, 99, 73, 38, 92, 65, 87, 12, 81, 103, 77, 119, 32, 7, 88, 86, 69, 64, 28, 66, 85, 125, 90, 59, 78, 121, 111, 123, 101, 82, 57, 56, 24, 19, 43, 107, 127, 104, 34, 31, 17, 44, 122, 40, 47, 37, 22, 21, 114, 83, 3, 108, 8, 18, 50, 130, 1]"",10735.494325884747,6110,75.7,59.05095052719116"
"ulysses22.tsp,""{'initial temperature': 10000, 'gamma': 0.99, 'max solution selected': 1500, 'weights': [100, 0, 0, 0]}"",""[1, 22, 17, 4, 18, 8, 15, 5, 11, 9, 6, 14, 2, 3, 16, 13, 12, 7, 10, 19, 20, 21, 1]"",95.15519585446707,70.13,35.68,0.8123457431793213"
"berlin52.tsp,""{'initial temperature': 10000, 'gamma': 0.99, 'max solution selected': 1500, 'weights': [50, 15, 30, 5]}"",""[1, 22, 18, 31, 21, 23, 30, 2, 7, 42, 17, 3, 45, 19, 41, 8, 9, 10, 43, 33, 51, 11, 52, 14, 13, 27, 12, 28, 26, 47, 25, 4, 6, 15, 5, 24, 48, 38, 40, 39, 37, 46, 16, 29, 20, 50, 44, 34, 35, 36, 49, 32, 1]"",8243.530887253142,7542,9.3,7.8692755699157715"
"st70.tsp,""{'initial temperature': 10000, 'gamma': 0.99, 'max solution selected': 1500, 'weights': [50, 15, 30, 5]}"",""[1, 36, 29, 13, 31, 69, 70, 35, 57, 15, 24, 2, 7, 19, 26, 55, 49, 8, 28, 14, 20, 30, 68, 44, 27, 46, 9, 40, 61, 45, 25, 39, 62, 54, 33, 48, 67, 11, 64, 65, 56, 51, 50, 53, 5, 10, 52, 60, 12, 34, 21, 17, 43, 41, 6, 42, 3, 32, 18, 4, 66, 63, 22, 59, 38, 23, 47, 58, 37, 16, 1]"",733.2161829013302,675,8.62,9.128425121307373"
"ch130.tsp,""{'initial temperature': 10000, 'gamma': 0.99, 'max solution selected': 1500, 'weights': [50, 15, 30, 5]}"",""[1, 107, 104, 43, 63, 70, 97, 7, 26, 88, 86, 69, 64, 124, 127, 34, 17, 31, 27, 19, 89, 110, 98, 68, 48, 25, 113, 32, 36, 84, 119, 111, 123, 101, 82, 57, 9, 56, 52, 75, 74, 73, 92, 106, 53, 42, 44, 37, 22, 33, 21, 93, 40, 47, 23, 122, 96, 13, 67, 14, 10, 6, 102, 55, 51, 60, 120, 58, 49, 72, 91, 99, 65, 81, 103, 77, 94, 29, 15, 24, 87, 12, 38, 79, 95, 116, 100, 54, 35, 4, 20, 118, 80, 2, 130, 50, 46, 18, 8, 108, 3, 114, 126, 121, 78, 66, 85, 125, 90, 59, 30, 83, 117, 115, 28, 62, 105, 112, 128, 45, 5, 11, 109, 61, 129, 76, 16, 39, 71, 41, 1]"",7223.394641239071,6110,18.22,38.07554912567139"
"ulysses22.tsp,""{'initial temperature': 10000, 'gamma': 0.99, 'max solution selected': 1500, 'weights': [50, 15, 30, 5]}"",""[1, 14, 15, 5, 11, 9, 10, 19, 21, 20, 7, 6, 12, 13, 16, 3, 2, 17, 4, 18, 22, 8, 1]"",76.12699858541365,70.13,8.55,0.8879508972167969"
"berlin52.tsp,""{'initial temperature': 10000, 'gamma': 0.99, 'max solution selected': 1500, 'weights': [40, 30, 35, 5]}"",""[1, 49, 35, 36, 39, 40, 38, 15, 43, 45, 19, 41, 8, 9, 10, 33, 51, 28, 27, 26, 47, 13, 14, 52, 11, 12, 25, 4, 6, 5, 24, 48, 37, 34, 44, 46, 16, 29, 50, 20, 23, 30, 2, 7, 42, 21, 31, 17, 3, 18, 22, 32, 1]"",8406.0998278678,7542,11.46,4.57313084602356"
"st70.tsp,""{'initial temperature': 10000, 'gamma': 0.99, 'max solution selected': 1500, 'weights': [40, 30, 35, 5]}"",""[1, 36, 29, 13, 70, 31, 69, 35, 38, 59, 22, 66, 63, 57, 15, 24, 19, 2, 7, 32, 4, 18, 6, 53, 5, 10, 52, 60, 33, 12, 34, 21, 17, 43, 41, 42, 3, 8, 26, 55, 49, 28, 14, 20, 30, 44, 68, 27, 46, 9, 40, 61, 45, 25, 39, 62, 54, 48, 67, 56, 11, 64, 65, 51, 50, 58, 37, 47, 16, 23, 1]"",710.5748022894359,675,5.27,7.28684401512146"
"ch130.tsp,""{'initial temperature': 10000, 'gamma': 0.99, 'max solution selected': 1500, 'weights': [40, 30, 35, 5]}"",""[1, 127, 70, 63, 98, 110, 89, 94, 29, 15, 24, 116, 95, 79, 38, 92, 73, 99, 74, 75, 52, 9, 57, 56, 65, 12, 87, 81, 77, 103, 82, 101, 123, 111, 119, 36, 84, 32, 113, 25, 48, 68, 7, 97, 26, 88, 86, 69, 64, 11, 5, 62, 105, 112, 117, 115, 28, 83, 30, 59, 90, 125, 85, 66, 78, 121, 126, 114, 3, 108, 8, 18, 20, 46, 80, 50, 130, 71, 39, 41, 128, 16, 45, 76, 109, 61, 124, 129, 107, 104, 43, 19, 27, 100, 34, 31, 17, 54, 35, 4, 106, 58, 49, 91, 72, 53, 120, 60, 51, 42, 44, 55, 6, 102, 10, 14, 67, 13, 96, 122, 23, 40, 47, 22, 37, 93, 33, 21, 118, 2, 1]"",7004.36166482286,6110,14.64,39.43989849090576"
"ulysses22.tsp,""{'initial temperature': 10000, 'gamma': 0.99, 'max solution selected': 1500, 'weights': [40, 30, 35, 5]}"",""[1, 14, 13, 12, 7, 6, 15, 5, 11, 9, 10, 19, 20, 21, 16, 3, 2, 17, 4, 18, 22, 8, 1]"",75.30970120611255,70.13,7.39,1.6711480617523193"
